Model,MAE,RMSE,R2
DecisionTreeRegressor,2939.7278362910447,6152.849170489415,0.7561490354798918
