Model,MAE,RMSE,R2
KNN Regressor,7153.33323455798,10397.644366066896,0.30362710648665514
