Model,MAE,RMSE,R2
LinearRegression,4181.19447375364,5796.2846592762735,0.7835929767120723
