Model,MAE,RMSE,R2
RandomForestRegressor,2530.361637385741,4621.2024431755435,0.8624432430744645
