Model,MAE,RMSE,R2
RandomForestRegressor,2530.361637385741,4621.202443175544,0.8624432430744645
