Model,MAE,RMSE,R2
xgboost_regressor,2533.3870269217,4668.616146816961,0.8596060881342853
